time,open,high,low,close,volume
2021-08-16 07:00:00,25.9,26.78,25.86,26.14,1197200
2021-08-17 07:00:00,26.23,26.69,25.86,26.18,809900
2021-08-18 07:00:00,26.27,27.98,25.86,27.98,3303400
2021-08-19 07:00:00,28.45,29.23,28.08,28.08,1685100
2021-08-20 07:00:00,28.26,29.37,27.29,28.36,2231000
2021-08-23 07:00:00,28.12,28.45,26.83,26.83,2414900
2021-08-24 07:00:00,26.92,27.2,25.9,26.78,1270700
2021-08-25 07:00:00,26.6,27.06,26.27,26.88,892300
2021-08-26 07:00:00,27.15,28.73,26.97,28.73,2584800
2021-08-27 07:00:00,28.73,30.34,28.73,30.07,1983900
2021-08-30 07:00:00,30.53,30.76,29.84,30.07,1032500
2021-08-31 07:00:00,29.93,31.36,29.56,30.53,1640500
2021-09-01 07:00:00,30.21,31.18,30.11,30.76,1031900
2021-09-06 07:00:00,30.48,31.46,30.3,30.62,1158000
2021-09-07 07:00:00,30.58,30.62,29.6,29.6,1306800
2021-09-08 07:00:00,29.37,30.07,29.37,29.74,669000
2021-09-09 07:00:00,29.74,30.53,29.74,30.53,598700
2021-09-10 07:00:00,30.53,30.85,30.11,30.48,619500
2021-09-13 07:00:00,30.48,30.48,29.74,29.84,932400
2021-09-14 07:00:00,29.79,30.07,29.37,30.02,984100
2021-09-15 07:00:00,29.84,30.3,29.47,30.07,666900
2021-09-16 07:00:00,30.07,30.44,29.84,30.07,720500
2021-09-17 07:00:00,30.07,31.69,30.07,30.95,2313500
2021-09-20 07:00:00,31.08,31.08,30.3,30.34,1060000
2021-09-21 07:00:00,29.74,30.53,29.7,30.53,1033200
2021-09-22 07:00:00,30.48,31.46,30.07,31.46,1075900
2021-09-23 07:00:00,31.46,31.59,30.62,30.99,831500
2021-09-24 07:00:00,30.99,31.13,30.16,30.16,571300
2021-09-27 07:00:00,30.16,30.53,28.68,28.68,1197000
2021-09-28 07:00:00,28.45,29.84,28.45,29.84,990900
2021-09-29 07:00:00,29.6,30.3,29.6,30.11,669000
2021-09-30 07:00:00,30.11,30.21,29.7,30.16,549800
2021-10-01 07:00:00,30.11,30.67,29.84,30.48,834700
2021-10-04 07:00:00,30.81,32.33,30.58,32.29,2540500
2021-10-05 07:00:00,32.33,32.47,32.06,32.29,979700
2021-10-06 07:00:00,32.43,33.21,32.33,33.21,926800
2021-10-07 07:00:00,33.44,33.44,32.89,32.98,572900
2021-10-08 07:00:00,33.3,33.3,32.24,32.61,726200
2021-10-11 07:00:00,32.38,32.75,32.38,32.61,624400
2021-10-12 07:00:00,32.66,33.77,32.56,33.49,896200
2021-10-13 07:00:00,33.49,34.14,33.49,33.77,712700
2021-10-14 07:00:00,34.0,34.0,33.58,33.77,789800
2021-10-15 07:00:00,33.54,33.86,33.4,33.77,374400
2021-10-18 07:00:00,33.77,34.78,33.3,34.23,600700
2021-10-19 07:00:00,34.23,34.92,33.81,34.6,485700
2021-10-20 07:00:00,34.88,34.88,34.0,34.65,355400
2021-10-21 07:00:00,34.65,34.69,34.23,34.65,195800
2021-10-22 07:00:00,34.65,35.29,34.32,35.16,548300
2021-10-25 07:00:00,35.11,35.57,34.92,35.16,315300
2021-10-26 07:00:00,34.83,35.16,34.0,34.78,401500
2021-10-27 07:00:00,34.65,35.29,34.37,35.16,547600
2021-10-28 07:00:00,35.06,35.57,34.92,35.16,424400
2021-10-29 07:00:00,35.2,35.57,34.6,34.6,564000
2021-11-01 07:00:00,34.14,34.55,32.47,33.3,1664800
2021-11-02 07:00:00,33.3,33.77,32.89,33.44,518300
2021-11-03 07:00:00,33.67,33.77,32.84,33.44,596800
2021-11-04 07:00:00,33.12,33.4,32.61,32.75,646900
2021-11-05 07:00:00,32.38,33.07,32.38,32.89,660600
2021-11-08 07:00:00,33.07,33.4,32.89,33.3,639900
2021-11-09 07:00:00,33.3,33.95,33.21,33.3,655700
2021-11-10 07:00:00,33.35,33.35,32.75,32.75,690500
2021-11-11 07:00:00,32.61,33.3,32.43,32.75,766000
2021-11-12 07:00:00,32.75,33.77,32.61,33.77,473900
2021-11-15 07:00:00,33.35,34.23,32.8,33.35,1048800
2021-11-16 07:00:00,33.07,33.3,32.7,33.21,503500
2021-11-17 07:00:00,33.3,33.3,32.75,33.21,389600
2021-11-18 07:00:00,33.17,33.17,32.38,32.38,732800
2021-11-19 07:00:00,32.43,32.66,30.53,31.04,1085200
2021-11-22 07:00:00,31.04,31.04,29.56,29.84,1222800
2021-11-23 07:00:00,29.42,30.85,29.42,30.85,458400
2021-11-24 07:00:00,31.32,31.46,30.9,31.27,405700
2021-11-25 07:00:00,31.08,31.08,30.81,30.95,553200
2021-11-26 07:00:00,30.99,31.32,30.76,30.99,871600
2021-11-29 07:00:00,30.76,32.15,30.58,31.92,390800
2021-11-30 07:00:00,33.17,33.17,31.96,32.61,816000
2021-12-01 07:00:00,33.07,33.07,32.24,32.33,518100
2021-12-02 07:00:00,32.29,32.33,31.87,31.92,433300
2021-12-03 07:00:00,32.24,32.24,31.22,31.22,392300
2021-12-06 07:00:00,30.9,31.64,30.07,30.11,865800
2021-12-07 07:00:00,30.34,31.22,30.3,31.22,606700
2021-12-08 07:00:00,31.46,31.46,30.85,31.08,377600
2021-12-09 07:00:00,31.04,31.22,30.9,31.22,411800
2021-12-10 07:00:00,31.22,31.87,31.22,31.5,322700
2021-12-13 07:00:00,31.69,32.29,31.59,32.1,337200
2021-12-14 07:00:00,32.15,32.52,31.69,31.78,592400
2021-12-15 07:00:00,31.69,31.87,30.53,30.53,533600
2021-12-16 07:00:00,31.22,31.32,30.95,31.08,476000
2021-12-17 07:00:00,30.99,31.41,30.99,31.27,442000
2021-12-20 07:00:00,31.22,31.36,30.9,31.04,671800
2021-12-21 07:00:00,30.9,31.92,30.76,31.92,1112300
2021-12-22 07:00:00,32.38,32.56,31.87,31.92,1562000
2021-12-23 07:00:00,31.92,32.38,31.27,32.38,2292600
2021-12-24 07:00:00,32.56,33.95,32.29,33.21,1905800
2021-12-27 07:00:00,33.77,33.77,32.75,33.26,605400
2021-12-28 07:00:00,33.07,33.95,32.94,33.26,799500
2021-12-29 07:00:00,33.21,33.26,32.38,32.52,723200
2021-12-30 07:00:00,32.47,32.84,32.29,32.33,360000
2021-12-31 07:00:00,32.33,32.7,31.96,31.96,748900
2022-01-04 07:00:00,32.29,32.61,31.87,32.38,516300
2022-01-05 07:00:00,32.29,33.3,32.29,32.84,626600
2022-01-06 07:00:00,32.7,32.7,32.2,32.33,512600
2022-01-07 07:00:00,32.56,32.56,32.01,32.06,523600
2022-01-10 07:00:00,32.01,32.38,31.46,31.5,862300
2022-01-11 07:00:00,31.27,31.5,30.53,30.53,894600
2022-01-12 07:00:00,30.53,30.95,30.07,30.58,476800
2022-01-13 07:00:00,31.32,31.32,30.58,30.58,392000
2022-01-14 07:00:00,30.3,30.99,30.3,30.72,158600
2022-01-17 07:00:00,30.72,30.81,29.14,29.6,836000
2022-01-18 07:00:00,29.6,30.02,29.1,29.6,417600
2022-01-19 07:00:00,29.65,29.93,29.6,29.88,118300
2022-01-20 07:00:00,29.84,30.48,29.84,30.07,212800
2022-01-21 07:00:00,30.11,30.48,30.11,30.34,189300
2022-01-24 07:00:00,30.44,30.44,28.96,29.14,393800
2022-01-25 07:00:00,29.14,29.84,29.0,29.74,314800
2022-01-26 07:00:00,29.74,30.25,29.65,30.02,508800
2022-01-27 07:00:00,29.84,31.18,29.7,31.18,534800
2022-01-28 07:00:00,31.22,31.92,30.99,31.92,745200
2022-02-07 07:00:00,32.29,32.29,31.59,31.73,245100
2022-02-08 07:00:00,31.46,32.2,31.41,32.1,622100
2022-02-09 07:00:00,32.1,32.52,32.1,32.24,498600
2022-02-10 07:00:00,32.15,32.24,31.46,31.55,260500
2022-02-11 07:00:00,31.46,31.87,31.41,31.59,176700
2022-02-14 07:00:00,31.27,31.59,31.22,31.22,254500
2022-02-15 07:00:00,30.99,31.64,30.99,31.59,178600
2022-02-16 07:00:00,31.69,33.44,31.69,33.44,1134700
2022-02-17 07:00:00,33.44,33.54,32.98,33.07,517600
2022-02-18 07:00:00,32.89,34.14,32.89,33.54,899400
2022-02-21 07:00:00,33.58,34.04,33.07,33.49,744800
2022-02-22 07:00:00,33.26,33.3,32.84,33.12,497600
2022-02-23 07:00:00,33.4,34.69,33.12,34.46,1046100
2022-02-24 07:00:00,34.46,34.74,33.3,34.0,818600
2022-02-25 07:00:00,34.0,34.92,33.63,34.23,652600
2022-02-28 07:00:00,33.91,35.25,33.86,34.97,997300
2022-03-01 07:00:00,35.02,35.11,34.46,34.55,358600
2022-03-02 07:00:00,34.46,35.06,34.0,34.23,509300
2022-03-03 07:00:00,34.23,35.16,33.67,35.02,821400
2022-03-04 07:00:00,35.43,35.43,34.51,34.65,255900
2022-03-07 07:00:00,34.6,34.65,34.0,34.14,370100
2022-03-08 07:00:00,33.86,34.83,33.54,33.54,1110100
2022-03-09 07:00:00,33.44,33.77,32.89,32.89,859100
2022-03-10 07:00:00,33.35,33.77,33.07,33.17,446900
2022-03-11 07:00:00,33.35,34.51,33.17,33.4,856100
2022-03-14 07:00:00,33.17,34.0,33.17,33.72,402400
2022-03-15 07:00:00,33.67,33.67,33.17,33.3,264200
2022-03-16 07:00:00,33.35,33.54,32.94,32.94,481100
2022-03-17 07:00:00,33.12,33.54,32.98,33.21,293700
2022-03-18 07:00:00,33.21,33.54,33.17,33.21,257700
2022-03-21 07:00:00,33.54,33.54,33.07,33.3,318200
2022-03-22 07:00:00,33.26,34.46,33.26,34.28,1134400
2022-03-23 07:00:00,34.28,35.06,34.09,34.46,826600
2022-03-24 07:00:00,34.32,36.87,34.23,36.87,2130800
2022-03-25 07:00:00,37.01,37.33,36.36,36.54,948100
2022-03-28 07:00:00,36.17,37.42,36.17,36.96,1154500
2022-03-29 07:00:00,37.42,37.79,36.96,37.24,1067000
2022-03-30 07:00:00,37.24,38.07,36.68,37.65,1382000
2022-03-31 07:00:00,37.93,39.04,37.7,37.79,1059100
2022-04-01 07:00:00,37.93,39.04,37.79,38.9,1105600
2022-04-04 07:00:00,38.86,39.27,38.16,38.16,766200
2022-04-05 07:00:00,38.16,38.53,37.61,37.93,800900
2022-04-06 07:00:00,37.7,39.32,37.61,39.18,935400
2022-04-07 07:00:00,39.23,39.78,37.47,37.47,1025700
2022-04-08 07:00:00,37.93,38.07,36.96,37.84,964100
2022-04-12 07:00:00,38.21,38.21,36.54,36.59,670500
2022-04-13 07:00:00,36.59,37.93,35.9,37.51,873400
2022-04-14 07:00:00,37.47,38.62,37.01,37.93,744400
2022-04-15 07:00:00,37.79,40.52,37.79,40.24,1484100
2022-04-18 07:00:00,40.24,41.45,39.6,40.98,852700
2022-04-19 07:00:00,40.98,41.08,38.83,39.58,608500
2022-04-20 07:00:00,39.3,39.44,37.43,37.43,1122400
2022-04-21 07:00:00,36.77,38.64,36.45,37.8,728300
2022-04-22 07:00:00,37.66,39.02,35.18,35.84,1356300
2022-04-25 07:00:00,36.26,36.26,33.36,33.36,1317900
2022-04-26 07:00:00,31.86,34.62,31.35,34.57,704100
2022-04-27 07:00:00,34.15,35.04,33.68,34.62,310000
2022-04-28 07:00:00,35.56,37.01,35.42,37.01,1010500
2022-04-29 07:00:00,37.43,39.49,37.43,38.55,961800
2022-05-04 07:00:00,38.83,39.49,38.55,38.83,732100
2022-05-05 07:00:00,39.3,39.49,37.48,38.46,778000
2022-05-06 07:00:00,38.27,41.12,37.9,40.24,1914500
2022-05-09 07:00:00,39.77,40.47,37.9,37.9,1189300
2022-05-10 07:00:00,37.43,40.52,37.24,40.52,1319800
2022-05-11 07:00:00,41.59,43.32,40.47,43.32,2055500
2022-05-12 07:00:00,42.11,44.45,40.7,40.7,1824500
2022-05-13 07:00:00,40.28,41.59,37.9,37.9,1729600
2022-05-16 07:00:00,35.32,39.25,35.28,35.28,1566200
2022-05-17 07:00:00,34.95,37.7,33.34,37.7,1342000
2022-05-18 07:00:00,38.66,40.01,38.18,39.26,800300
2022-05-19 07:00:00,37.8,41.41,37.8,41.14,1053800
2022-05-20 07:00:00,41.41,42.05,40.33,40.98,963700
2022-05-23 07:00:00,41.08,41.14,38.99,39.52,766000
2022-05-24 07:00:00,39.31,40.33,38.99,40.33,997800
2022-05-25 07:00:00,40.87,43.13,40.76,43.13,962300
2022-05-26 07:00:00,44.9,45.87,44.15,45.06,1634100
2022-05-27 07:00:00,44.63,48.18,44.1,48.18,2630300
2022-05-30 07:00:00,49.04,50.92,48.34,50.92,1132200
2022-05-31 07:00:00,50.49,51.35,47.86,48.67,1322800
2022-06-01 07:00:00,48.72,51.95,48.5,51.35,1158400
2022-06-02 07:00:00,51.62,52.43,48.94,49.69,973800
2022-06-03 07:00:00,49.74,51.08,48.18,50.01,1281800
2022-06-13 07:00:00,45.71,50.28,45.71,46.52,2025800
2022-06-14 07:00:00,47.27,49.2,47.0,48.67,1094400
2022-06-15 07:00:00,49.04,49.04,47.05,48.83,1158900
2022-06-16 07:00:00,49.47,52.22,49.31,52.05,3325500
2022-06-17 07:00:00,51.25,53.67,50.6,53.24,1908100
2022-06-20 07:00:00,53.24,53.56,49.53,49.53,1775600
2022-06-21 07:00:00,48.4,49.31,46.08,46.08,3333600
2022-06-22 07:00:00,45.87,47.11,42.91,42.91,2130600
2022-06-23 07:00:00,42.75,45.87,42.48,45.87,1302800
2022-06-24 07:00:00,46.52,46.84,45.87,46.14,583700
2022-06-27 07:00:00,46.14,47.54,45.44,46.25,1046200
2022-06-28 07:00:00,46.25,48.13,45.17,47.11,1735800
2022-06-29 07:00:00,46.25,46.89,45.44,46.46,973300
2022-06-30 07:00:00,47.05,48.18,46.3,46.35,1102400
2022-07-01 07:00:00,46.57,46.78,44.1,46.25,1216100
2022-07-04 07:00:00,47.32,47.32,45.44,45.71,509500
2022-07-05 07:00:00,45.87,45.87,42.54,42.54,1849400
2022-07-06 07:00:00,42.32,42.97,39.63,39.63,1172100
2022-07-07 07:00:00,39.63,40.92,39.26,40.55,592100
2022-07-08 07:00:00,40.38,41.73,40.38,41.35,469600
2022-07-11 07:00:00,41.14,41.14,38.56,38.72,983800
2022-07-12 07:00:00,38.72,40.82,38.18,40.82,919600
2022-07-13 07:00:00,40.65,42.37,40.6,41.62,687800
2022-07-14 07:00:00,41.14,41.68,40.92,41.68,467700
2022-07-15 07:00:00,41.62,42.37,41.08,41.89,1078700
2022-07-18 07:00:00,42.48,42.86,41.73,42.59,917800
2022-07-19 07:00:00,42.48,43.83,42.48,43.66,1055500
2022-07-20 07:00:00,43.77,45.17,43.56,44.36,1328500
2022-07-21 07:00:00,44.15,44.63,43.56,43.93,701300
2022-07-22 07:00:00,44.1,44.58,43.5,43.5,652200
2022-07-25 07:00:00,43.29,43.93,42.8,42.8,710200
2022-07-26 07:00:00,42.91,43.02,41.03,41.03,1020600
2022-07-27 07:00:00,40.33,42.0,40.33,41.73,523800
2022-07-28 07:00:00,42.16,42.43,41.78,41.78,951000
2022-07-29 07:00:00,42.21,42.27,40.44,40.44,1984700
2022-08-01 07:00:00,40.87,41.24,40.33,40.87,961500
2022-08-02 07:00:00,40.87,42.48,40.71,42.27,918600
2022-08-03 07:00:00,42.21,43.99,42.0,43.66,2154500
2022-08-04 07:00:00,43.56,43.88,43.02,43.02,943500
2022-08-05 07:00:00,42.75,43.66,42.64,43.56,1040500
2022-08-08 07:00:00,43.56,44.58,43.29,44.1,1253800
2022-08-09 07:00:00,44.36,44.58,43.07,43.23,1273300
2022-08-10 07:00:00,43.23,43.93,43.02,43.34,1260100
2022-08-11 07:00:00,43.77,43.77,41.94,43.13,1403000
2022-08-12 07:00:00,43.02,43.72,42.59,43.34,773100
2022-08-15 07:00:00,43.72,45.06,43.4,44.96,2261100
2022-08-16 07:00:00,44.96,45.55,44.96,45.28,1185700
2022-08-17 07:00:00,45.28,45.28,44.04,44.52,1506400
2022-08-18 07:00:00,44.74,45.17,44.1,44.58,1049700
2022-08-19 07:00:00,44.63,44.96,43.13,43.93,1395100
2022-08-22 07:00:00,43.34,44.9,43.29,44.74,1137200
2022-08-23 07:00:00,44.63,45.49,44.36,45.44,956900
2022-08-24 07:00:00,45.44,45.98,45.22,45.71,1132300
2022-08-25 07:00:00,45.71,46.03,45.22,45.82,946100
2022-08-26 07:00:00,45.98,45.98,44.79,44.9,745700
2022-08-29 07:00:00,44.36,45.17,43.4,45.17,1503600
2022-08-30 07:00:00,45.44,46.14,45.01,45.33,689500
2022-08-31 07:00:00,45.01,46.73,44.79,46.3,1807500
2022-09-05 07:00:00,46.35,46.94,46.08,46.52,721500
2022-09-06 07:00:00,46.52,47.48,46.41,46.41,1161200
2022-09-07 07:00:00,46.41,46.41,44.63,44.63,1257700
2022-09-08 07:00:00,44.74,45.06,43.72,43.72,1147900
2022-09-09 07:00:00,44.1,45.76,43.83,45.65,849300
2022-09-12 07:00:00,45.98,46.52,45.6,45.76,721200
2022-09-13 07:00:00,46.03,46.25,45.33,46.25,691600
2022-09-14 07:00:00,45.28,46.19,45.28,46.03,745900
2022-09-15 07:00:00,46.25,46.57,46.03,46.25,695400
2022-09-16 07:00:00,46.35,46.35,45.22,45.22,859900
2022-09-19 07:00:00,44.69,45.44,43.99,44.26,977900
2022-09-20 07:00:00,44.85,45.12,44.26,45.12,664600
2022-09-21 07:00:00,44.9,45.12,44.69,45.06,377900
2022-09-22 07:00:00,44.96,45.44,44.52,45.38,451900
2022-09-23 07:00:00,45.6,45.6,44.74,44.96,298300
2022-09-26 07:00:00,44.04,44.31,41.84,42.21,1237900
2022-09-27 07:00:00,42.21,42.91,42.0,42.43,554700
2022-09-28 07:00:00,42.43,42.48,39.79,40.38,604700
2022-09-29 07:00:00,41.94,41.94,40.33,40.33,580700
2022-09-30 07:00:00,39.68,41.41,39.63,41.41,571400
2022-10-03 07:00:00,41.35,41.35,39.36,39.36,370200
2022-10-04 07:00:00,40.28,40.44,38.77,39.52,466400
2022-10-05 07:00:00,40.33,41.68,40.06,41.68,561200
2022-10-06 07:00:00,41.62,41.68,39.85,39.85,322200
2022-10-07 07:00:00,38.88,39.85,38.45,39.52,680300
2022-10-10 07:00:00,38.72,41.78,38.72,40.92,413800
2022-10-11 07:00:00,40.87,41.3,39.47,40.33,321300
2022-10-12 07:00:00,40.33,41.41,39.79,41.19,406000
2022-10-13 07:00:00,41.41,41.51,40.6,40.82,371400
2022-10-14 07:00:00,40.92,41.68,40.92,41.57,303300
2022-10-17 07:00:00,41.57,43.13,41.14,42.91,500700
2022-10-18 07:00:00,43.5,43.5,42.8,43.07,298500
2022-10-19 07:00:00,43.13,43.23,42.48,43.02,222800
2022-10-20 07:00:00,42.97,44.1,42.43,43.66,790500
2022-10-21 07:00:00,43.56,43.88,40.98,42.48,716500
2022-10-24 07:00:00,42.54,42.54,40.92,41.3,491700
2022-10-25 07:00:00,41.73,43.02,40.06,42.21,393100
2022-10-26 07:00:00,41.73,42.7,41.41,42.7,317800
2022-10-27 07:00:00,42.75,43.77,42.16,43.56,520500
2022-10-28 07:00:00,43.56,44.1,42.91,42.91,411100
2022-10-31 07:00:00,43.02,43.61,42.48,42.48,332300
2022-11-01 07:00:00,42.75,42.97,41.41,41.41,463500
2022-11-04 07:00:00,40.55,40.55,37.7,37.7,2477600
2022-11-07 07:00:00,37.64,37.7,35.28,36.84,1065500
2022-11-08 07:00:00,36.14,37.53,35.76,37.53,364500
2022-11-09 07:00:00,37.86,37.86,37.1,37.1,230600
2022-11-10 07:00:00,36.35,37.0,34.52,36.57,959200
2022-11-11 07:00:00,37.05,37.27,35.76,37.21,501300
2022-11-14 07:00:00,35.6,37.21,35.44,36.89,348200
2022-11-15 07:00:00,36.03,37.05,34.31,34.31,469900
2022-11-16 07:00:00,31.94,36.62,31.94,36.24,802600
2022-11-17 07:00:00,36.51,37.1,36.19,36.89,540800
2022-11-18 07:00:00,36.57,37.16,35.49,37.1,428600
2022-11-21 07:00:00,37.05,37.75,37.0,37.37,366900
2022-11-22 07:00:00,37.21,37.91,36.94,37.64,560200
2022-11-23 07:00:00,37.64,37.91,36.84,37.75,166600
2022-11-24 07:00:00,37.75,37.75,36.89,37.53,204900
2022-11-25 07:00:00,37.64,37.97,37.37,37.86,307900
2022-11-28 07:00:00,38.18,39.26,37.64,38.99,381800
2022-11-29 07:00:00,39.79,39.79,38.18,39.2,364400
2022-11-30 07:00:00,39.04,39.79,38.93,39.79,365700
2022-12-01 07:00:00,40.06,40.33,38.83,40.06,401400
2022-12-02 07:00:00,40.01,41.94,39.15,41.94,532800
2022-12-05 07:00:00,42.0,43.02,41.94,42.7,361300
2022-12-06 07:00:00,42.64,43.18,40.6,41.94,351000
2022-12-07 07:00:00,41.94,42.21,40.87,41.62,444000
2022-12-08 07:00:00,42.0,42.21,41.3,41.62,319000
2022-12-09 07:00:00,41.62,43.56,40.87,43.02,989200
2022-12-12 07:00:00,43.07,43.18,42.21,43.02,289800
2022-12-13 07:00:00,43.02,43.02,41.41,42.48,393800
2022-12-14 07:00:00,42.75,42.75,41.62,41.84,453400
2022-12-15 07:00:00,41.89,41.89,41.08,41.51,417500
2022-12-16 07:00:00,40.87,42.48,40.87,42.48,601400
2022-12-19 07:00:00,42.32,42.32,41.46,41.46,240700
2022-12-20 07:00:00,40.98,41.35,39.26,40.55,351500
2022-12-21 07:00:00,40.38,40.38,38.72,39.52,248100
2022-12-22 07:00:00,39.47,39.68,38.72,39.52,164100
2022-12-23 07:00:00,39.47,40.87,38.72,39.74,333100
2022-12-26 07:00:00,39.74,39.74,37.53,37.8,544000
2022-12-27 07:00:00,37.7,38.72,37.21,38.72,157200
2022-12-28 07:00:00,38.72,38.77,38.18,38.61,875200
2022-12-29 07:00:00,38.56,38.72,38.18,38.61,494300
2022-12-30 07:00:00,38.29,39.04,38.29,38.45,316600
2023-01-03 07:00:00,38.34,39.68,38.34,38.99,275700
2023-01-04 07:00:00,39.52,39.52,38.83,39.31,212900
2023-01-05 07:00:00,39.09,40.06,39.09,40.06,393500
2023-01-06 07:00:00,39.68,40.06,39.26,39.95,153200
2023-01-09 07:00:00,40.01,40.22,38.99,39.47,230900
2023-01-10 07:00:00,39.52,39.63,38.72,38.72,422100
2023-01-11 07:00:00,38.72,39.36,38.61,38.99,221300
2023-01-12 07:00:00,39.26,39.26,38.56,38.99,127000
2023-01-13 07:00:00,38.99,39.09,38.56,38.61,228000
2023-01-16 07:00:00,38.77,38.83,38.13,38.13,223600
2023-01-17 07:00:00,38.13,38.23,37.1,37.1,703600
2023-01-18 07:00:00,37.59,37.8,36.62,37.16,575300
2023-01-19 07:00:00,37.48,37.91,37.27,37.59,283100
2023-01-27 07:00:00,38.45,39.68,38.18,38.99,640000
2023-01-30 07:00:00,38.99,40.55,38.99,39.52,1107200
2023-01-31 07:00:00,40.12,40.55,39.58,40.12,478100
2023-02-01 07:00:00,40.33,40.6,39.15,39.31,438300
2023-02-02 07:00:00,39.31,39.52,38.45,38.93,320300
2023-02-03 07:00:00,38.99,39.2,37.91,37.91,1211800
2023-02-06 07:00:00,38.18,39.2,38.07,39.2,312400
2023-02-07 07:00:00,39.95,40.55,39.15,39.52,731200
2023-02-08 07:00:00,39.79,39.79,38.93,39.52,286800
2023-02-09 07:00:00,39.68,39.68,38.99,38.99,164800
2023-02-10 07:00:00,39.04,39.26,38.45,38.45,341800
2023-02-13 07:00:00,37.64,38.5,37.16,37.91,394500
2023-02-14 07:00:00,37.97,38.23,37.7,37.8,124400
2023-02-15 07:00:00,37.91,38.18,37.7,37.91,174000
2023-02-16 07:00:00,38.13,38.29,37.97,38.18,161900
2023-02-17 07:00:00,38.07,38.45,38.02,38.29,207500
2023-02-20 07:00:00,38.4,39.2,38.4,39.2,313700
2023-02-21 07:00:00,39.2,39.63,38.99,39.2,331500
2023-02-22 07:00:00,38.99,38.99,38.4,38.4,251900
2023-02-23 07:00:00,38.18,38.29,37.43,37.64,473800
2023-02-24 07:00:00,37.75,37.97,37.37,37.64,244900
2023-02-27 07:00:00,37.43,37.43,36.35,36.84,356700
2023-02-28 07:00:00,37.27,37.38,36.73,37.0,109500
2023-03-01 07:00:00,36.34,37.11,36.24,37.11,214500
2023-03-02 07:00:00,37.11,37.54,37.11,37.49,107600
2023-03-03 07:00:00,37.49,37.65,36.62,36.62,159800
2023-03-06 07:00:00,37.33,37.33,36.56,36.56,132700
2023-03-07 07:00:00,37.11,37.11,36.56,36.78,85000
2023-03-08 07:00:00,36.34,37.22,36.34,37.11,133600
2023-03-09 07:00:00,37.11,37.33,37.0,37.11,257600
2023-03-10 07:00:00,37.0,37.27,36.94,37.22,285600
2023-03-13 07:00:00,37.0,37.87,37.0,37.44,246700
2023-03-14 07:00:00,37.44,37.44,36.89,37.16,161500
2023-03-15 07:00:00,37.49,37.54,37.05,37.54,124600
2023-03-16 07:00:00,37.33,37.44,36.56,37.11,284700
2023-03-17 07:00:00,37.38,37.38,36.89,37.11,94400
2023-03-20 07:00:00,36.94,37.05,36.4,36.4,150100
2023-03-21 07:00:00,37.05,37.05,35.58,36.56,210700
2023-03-22 07:00:00,36.62,36.84,36.51,36.56,70400
2023-03-23 07:00:00,36.13,36.62,36.13,36.62,163800
2023-03-24 07:00:00,36.62,36.84,36.51,36.84,150500
2023-03-27 07:00:00,36.84,37.11,36.56,37.11,113600
2023-03-28 07:00:00,37.27,37.44,36.56,37.11,201800
2023-03-29 07:00:00,37.0,37.0,36.45,36.67,161900
2023-03-30 07:00:00,36.67,37.05,36.56,36.73,87600
2023-03-31 07:00:00,36.84,36.89,36.56,36.89,75700
2023-04-06 07:00:00,38.64,38.64,37.82,37.82,283900
2023-04-07 07:00:00,37.82,38.09,37.65,37.87,184400
2023-04-10 07:00:00,37.93,38.2,37.38,38.2,279000
2023-04-11 07:00:00,37.93,38.2,37.54,37.54,195100
2023-04-12 07:00:00,37.93,38.8,37.82,38.09,515500
2023-04-13 07:00:00,38.09,38.2,37.49,37.65,202400
2023-04-14 07:00:00,37.93,37.93,37.11,37.11,239800
2023-04-17 07:00:00,37.11,37.11,36.84,37.0,127800
2023-04-18 07:00:00,37.0,37.44,36.89,37.11,193300
2023-04-19 07:00:00,37.44,37.44,36.78,36.89,168900
2023-04-20 07:00:00,36.84,37.05,36.67,36.89,76700
2023-04-21 07:00:00,36.78,37.05,36.29,36.4,217200
2023-04-24 07:00:00,36.56,36.56,35.74,35.74,243700
2023-04-25 07:00:00,35.8,36.84,35.47,35.47,295500
2023-04-26 07:00:00,35.74,35.96,34.98,34.98,422300
2023-04-27 07:00:00,34.98,35.74,34.98,35.14,157100
2023-04-28 07:00:00,36.02,36.84,35.85,36.29,1084300
2023-05-04 07:00:00,36.73,37.05,36.45,36.45,289400
2023-05-05 07:00:00,36.45,36.56,36.07,36.13,230200
2023-05-08 07:00:00,36.24,36.67,36.24,36.45,309800
2023-05-09 07:00:00,36.73,36.73,36.24,36.29,238500
2023-05-10 07:00:00,36.13,36.45,36.13,36.24,217500
2023-05-11 07:00:00,36.56,36.56,36.24,36.29,275500
2023-05-12 07:00:00,36.29,36.4,36.02,36.07,429600
2023-05-15 07:00:00,36.13,37.33,36.13,36.62,744700
2023-05-16 07:00:00,37.0,37.27,36.73,36.84,345500
2023-05-17 07:00:00,36.84,37.11,36.34,36.4,324000
2023-05-18 07:00:00,36.56,36.56,36.29,36.4,364500
2023-05-19 07:00:00,37.09,37.09,36.46,36.84,329000
2023-05-22 07:00:00,37.34,38.03,37.03,38.03,745500
2023-05-23 07:00:00,38.6,39.41,38.34,39.29,1053400
2023-05-24 07:00:00,39.41,39.41,38.66,38.66,560100
2023-05-25 07:00:00,38.78,38.78,38.22,38.28,512800
2023-05-26 07:00:00,38.47,39.16,38.34,38.6,582700
2023-05-29 07:00:00,38.6,39.03,38.28,38.6,495000
2023-05-30 07:00:00,38.6,38.78,38.28,38.41,476400
2023-05-31 07:00:00,38.41,39.35,38.16,38.6,587700
2023-06-01 07:00:00,38.78,38.78,38.28,38.47,466000
2023-06-02 07:00:00,38.47,38.78,38.28,38.53,715500
2023-06-05 07:00:00,38.85,39.6,38.41,39.22,1332700
2023-06-06 07:00:00,39.03,39.85,39.03,39.6,850900
2023-06-07 07:00:00,39.6,39.98,39.1,39.6,1224700
2023-06-08 07:00:00,39.35,39.41,38.91,38.91,1073000
2023-06-09 07:00:00,38.91,39.03,38.41,38.85,970000
2023-06-12 07:00:00,38.97,39.47,38.66,38.97,840700
2023-06-13 07:00:00,39.1,40.16,39.03,39.41,1506600
2023-06-14 07:00:00,39.66,39.66,39.03,39.1,671200
2023-06-15 07:00:00,39.16,39.16,38.53,38.78,916900
2023-06-16 07:00:00,38.85,39.47,38.78,39.16,1353600
2023-06-19 07:00:00,39.22,40.48,39.22,39.72,1838600
2023-06-20 07:00:00,39.98,39.98,39.54,39.85,504800
2023-06-21 07:00:00,40.04,40.04,39.47,39.72,872100
2023-06-22 07:00:00,39.85,39.85,39.35,39.66,976400
2023-06-23 07:00:00,39.66,40.1,39.47,39.47,849100
2023-06-26 07:00:00,39.41,39.85,39.16,39.22,869800
2023-06-27 07:00:00,39.41,39.72,39.22,39.41,832600
2023-06-28 07:00:00,39.54,40.92,39.54,40.92,2404400
2023-06-29 07:00:00,41.23,41.23,40.04,40.04,728200
2023-06-30 07:00:00,40.04,41.17,40.04,40.92,1814200
2023-07-03 07:00:00,40.98,41.36,40.92,40.92,830300
2023-07-04 07:00:00,40.92,41.04,40.48,41.04,808400
2023-07-05 07:00:00,41.11,42.24,40.79,41.17,1510300
2023-07-06 07:00:00,41.36,41.54,40.73,40.85,1183300
2023-07-07 07:00:00,40.79,40.92,40.42,40.92,959000
2023-07-10 07:00:00,41.36,41.61,40.92,41.23,1488000
2023-07-11 07:00:00,41.48,41.48,40.85,41.36,675100
2023-07-12 07:00:00,41.67,41.67,40.79,40.79,804300
2023-07-13 07:00:00,41.04,41.73,40.92,41.42,984700
2023-07-14 07:00:00,41.48,41.54,40.98,41.42,683700
2023-07-17 07:00:00,41.42,41.42,40.98,40.98,708900
2023-07-18 07:00:00,40.85,41.17,40.79,40.98,664800
2023-07-19 07:00:00,40.92,41.17,40.67,40.79,508700
2023-07-20 07:00:00,40.79,40.98,40.29,40.54,863900
2023-07-21 07:00:00,40.42,41.23,40.35,41.04,891100
2023-07-24 07:00:00,41.42,41.42,40.67,40.67,737500
2023-07-25 07:00:00,40.73,41.23,40.73,40.98,737000
2023-07-26 07:00:00,41.11,42.61,40.92,42.61,2444100
2023-07-27 07:00:00,42.3,42.67,41.86,42.11,831900
2023-07-28 07:00:00,41.98,42.99,41.73,42.67,1282900
2023-07-31 07:00:00,42.36,42.67,41.73,42.05,1138800
2023-08-01 07:00:00,42.17,42.24,41.11,41.11,1264500
2023-08-02 07:00:00,41.11,41.48,40.73,40.73,1262400
2023-08-03 07:00:00,40.79,41.29,40.54,40.73,861400
2023-08-04 07:00:00,40.67,40.79,40.16,40.16,2038900
2023-08-07 07:00:00,40.35,40.73,40.35,40.73,647400
2023-08-08 07:00:00,41.04,41.04,40.67,40.73,747800
2023-08-09 07:00:00,40.67,40.73,40.29,40.29,837700
2023-08-10 07:00:00,40.29,40.48,39.47,39.47,1523300
2023-08-11 07:00:00,39.47,39.91,39.29,39.66,870100
2023-08-14 07:00:00,39.98,40.35,39.66,39.85,407800
2023-08-15 07:00:00,40.04,40.04,39.54,39.72,599600
2023-08-16 07:00:00,39.79,39.85,39.6,39.6,365000
2023-08-17 07:00:00,39.6,39.79,39.35,39.35,674900
2023-08-18 07:00:00,39.35,39.54,37.97,37.97,1743200
2023-08-21 07:00:00,37.78,38.41,37.65,38.28,820900
2023-08-22 07:00:00,38.16,38.47,37.59,38.34,748900
2023-08-23 07:00:00,38.53,38.66,38.16,38.34,305700
2023-08-24 07:00:00,38.16,38.6,38.16,38.6,446200
2023-08-25 07:00:00,38.6,38.6,38.28,38.6,417600
2023-08-28 07:00:00,38.91,39.54,38.72,39.54,537700
2023-09-07 07:00:00,40.29,40.42,39.85,39.91,846600
2023-09-08 07:00:00,40.1,40.35,39.85,40.16,939600
2023-09-11 07:00:00,40.42,40.42,39.85,39.91,1054000
2023-09-12 07:00:00,39.72,39.98,39.54,39.79,797100
2023-09-13 07:00:00,40.1,40.1,39.72,39.79,867800
2023-09-14 07:00:00,39.85,39.98,39.41,39.47,629300
2023-09-15 07:00:00,39.54,39.91,39.47,39.54,335800
2023-09-18 07:00:00,39.85,39.85,39.16,39.22,690700
2023-09-19 07:00:00,39.35,40.1,39.03,39.85,624300
2023-09-20 07:00:00,39.85,40.35,39.79,40.35,954800
2023-09-21 07:00:00,40.42,41.42,40.42,41.11,1529000
2023-09-22 07:00:00,40.79,40.85,39.72,39.85,1017700
2023-09-25 07:00:00,39.85,40.35,38.78,38.78,1047100
2023-09-26 07:00:00,38.78,39.22,38.72,38.85,781500
2023-09-27 07:00:00,39.1,39.54,38.78,39.47,398500
2023-09-28 07:00:00,39.54,39.85,39.03,39.85,561200
2023-09-29 07:00:00,39.85,40.23,39.6,39.66,334700
2023-10-02 07:00:00,39.91,40.29,39.72,39.85,359200
2023-10-03 07:00:00,39.41,39.85,38.78,38.91,685000
2023-10-04 07:00:00,38.78,39.85,38.72,39.41,615100
2023-10-05 07:00:00,39.85,39.85,38.91,38.91,310700
2023-10-06 07:00:00,39.29,39.29,38.72,39.03,397700
2023-10-09 07:00:00,38.91,39.03,38.72,38.85,451900
2023-10-10 07:00:00,39.29,39.72,39.03,39.29,522600
2023-10-11 07:00:00,39.54,39.54,38.97,39.29,268800
2023-10-12 07:00:00,39.47,39.91,39.41,39.47,465500
2023-10-13 07:00:00,39.03,39.41,39.03,39.41,297500
2023-10-16 07:00:00,39.41,39.66,38.91,39.03,323400
2023-10-17 07:00:00,39.1,39.41,38.66,38.66,323800
2023-10-18 07:00:00,38.66,38.72,36.71,37.9,667900
2023-10-19 07:00:00,37.9,38.03,37.34,37.4,251700
2023-10-20 07:00:00,37.34,37.97,37.03,37.9,199200
2023-10-23 07:00:00,38.16,38.16,37.03,37.15,209400
2023-10-24 07:00:00,37.03,37.47,37.03,37.4,173200
2023-10-25 07:00:00,37.53,37.59,37.03,37.03,268900
2023-10-26 07:00:00,36.46,37.28,35.14,35.14,798700
2023-10-27 07:00:00,35.27,35.46,33.58,34.52,617700
2023-10-30 07:00:00,34.39,34.77,34.26,34.26,227200
2023-10-31 07:00:00,34.33,34.52,32.76,33.01,391100
2023-11-01 07:00:00,33.26,33.45,31.82,32.7,481100
2023-11-02 07:00:00,33.26,34.45,33.01,34.26,445200
2023-11-03 07:00:00,34.64,34.64,33.26,33.26,888700
2023-11-06 07:00:00,33.7,34.77,33.7,34.77,406800
2023-11-07 07:00:00,34.77,35.14,34.39,34.64,396500
2023-11-08 07:00:00,34.64,36.08,34.45,35.77,520800
2023-11-09 07:00:00,35.77,36.4,35.46,35.77,324400
2023-11-10 07:00:00,36.08,36.84,35.58,36.02,398300
2023-11-13 07:00:00,36.02,36.4,35.77,35.96,249100
2023-11-14 07:00:00,36.02,36.4,35.65,36.34,364300
2023-11-15 07:00:00,36.9,36.96,36.34,36.59,274700
2023-11-16 07:00:00,36.46,36.59,36.15,36.34,152600
2023-11-17 07:00:00,36.34,36.9,36.15,36.4,488700
2023-11-20 07:00:00,35.83,36.46,35.77,36.27,450100
2023-11-21 07:00:00,36.4,36.52,35.9,36.21,203700
2023-11-22 07:00:00,36.59,36.59,36.08,36.08,201000
2023-11-23 07:00:00,36.65,36.65,36.08,36.08,190200
2023-11-24 07:00:00,36.02,36.08,35.58,35.83,299100
2023-11-27 07:00:00,35.83,35.96,35.65,35.71,165100
2023-11-28 07:00:00,36.08,36.08,35.65,35.9,146200
2023-11-29 07:00:00,35.9,36.27,35.9,36.15,180100
2023-11-30 07:00:00,36.15,36.34,35.83,35.83,136500
2023-12-01 07:00:00,35.96,36.21,35.71,35.96,124400
2023-12-04 07:00:00,36.02,36.52,35.96,36.4,622000
2023-12-05 07:00:00,36.71,37.65,36.71,37.22,583400
2023-12-06 07:00:00,37.22,37.28,36.78,36.9,222200
2023-12-07 07:00:00,36.9,37.28,36.15,36.4,443400
2023-12-08 07:00:00,36.4,37.15,36.15,37.15,539000
2023-12-11 07:00:00,37.15,37.53,36.84,36.84,237000
2023-12-12 07:00:00,36.84,37.09,36.59,37.03,287000
2023-12-13 07:00:00,37.15,37.15,36.08,36.21,587800
2023-12-14 07:00:00,36.46,36.65,35.83,35.83,278100
2023-12-15 07:00:00,35.9,36.4,35.46,35.58,513300
2023-12-18 07:00:00,35.9,35.9,35.14,35.65,497100
2023-12-19 07:00:00,35.33,35.77,35.14,35.33,288300
2023-12-20 07:00:00,35.4,35.65,35.08,35.33,408200
2023-12-21 07:00:00,35.14,35.52,34.83,35.46,533600
2023-12-22 07:00:00,35.58,35.58,35.02,35.02,383200
2023-12-25 07:00:00,35.02,35.46,34.96,35.21,480200
2023-12-26 07:00:00,35.33,35.4,35.02,35.02,622400
2023-12-27 07:00:00,35.08,35.46,35.08,35.4,527100
2023-12-28 07:00:00,35.58,35.65,35.33,35.4,346800
2023-12-29 07:00:00,35.77,36.08,35.4,35.65,712200
2024-01-02 07:00:00,36.08,36.59,35.83,36.08,778900
2024-01-03 07:00:00,36.08,36.27,35.83,36.15,375500
2024-01-04 07:00:00,36.34,36.9,36.08,36.21,898300
2024-01-05 07:00:00,36.21,36.27,35.96,36.02,554800
2024-01-08 07:00:00,36.02,36.27,35.65,35.65,920000
2024-01-09 07:00:00,35.4,35.58,35.14,35.21,1087200
2024-01-10 07:00:00,35.33,35.4,34.89,35.02,683800
2024-01-11 07:00:00,35.02,35.21,34.89,35.02,429900
2024-01-12 07:00:00,34.96,35.02,34.52,34.58,792100
2024-01-15 07:00:00,34.58,35.02,34.58,34.64,193100
2024-01-16 07:00:00,34.7,35.08,34.45,34.89,310900
2024-01-17 07:00:00,34.89,35.4,34.7,35.21,349400
2024-01-18 07:00:00,35.27,35.33,34.89,34.96,296500
2024-01-19 07:00:00,34.96,35.4,34.83,35.14,288000
2024-01-22 07:00:00,35.46,35.46,35.08,35.21,218100
2024-01-23 07:00:00,35.21,36.02,35.14,35.71,494900
2024-01-24 07:00:00,35.71,35.77,35.33,35.65,231900
2024-01-25 07:00:00,35.46,35.65,35.02,35.33,357000
2024-01-26 07:00:00,35.21,35.46,35.14,35.27,415600
2024-01-29 07:00:00,35.27,35.65,35.21,35.46,338000
2024-01-30 07:00:00,35.33,35.52,35.14,35.4,710000
2024-01-31 07:00:00,35.58,35.65,34.96,35.14,592100
2024-02-01 07:00:00,35.14,35.4,34.7,34.77,886000
2024-02-02 07:00:00,34.7,35.21,34.52,34.52,724600
2024-02-05 07:00:00,34.7,35.27,34.64,34.83,594500
2024-02-06 07:00:00,34.83,35.52,34.83,35.27,610300
2024-02-07 07:00:00,35.46,35.58,35.33,35.46,323400
2024-02-15 07:00:00,35.52,37.03,35.52,36.59,1289900
2024-02-16 07:00:00,36.59,37.53,36.59,36.84,890300
2024-02-19 07:00:00,37.03,37.22,36.65,37.15,1087100
2024-02-20 07:00:00,37.22,37.22,36.71,36.9,625500
2024-02-21 07:00:00,36.9,37.9,36.71,37.78,1073700
2024-02-22 07:00:00,37.84,37.84,37.34,37.4,465600
2024-02-23 07:00:00,37.47,37.65,36.71,36.71,1049900
2024-02-26 07:00:00,36.96,36.96,36.4,36.46,839400
2024-02-27 07:00:00,36.9,37.22,36.59,37.09,654200
2024-02-28 07:00:00,37.34,38.47,37.15,38.41,1564300
2024-02-29 07:00:00,38.41,39.03,38.28,38.41,979800
2024-03-01 07:00:00,38.41,39.47,38.41,39.1,1217900
2024-03-04 07:00:00,39.1,39.66,38.78,39.03,1403100
2024-03-05 07:00:00,39.1,39.79,38.85,39.72,1128900
2024-03-06 07:00:00,39.6,39.66,39.03,39.16,756400
2024-03-07 07:00:00,39.1,39.6,39.03,39.54,1107400
2024-03-08 07:00:00,39.54,40.54,39.41,39.6,1689400
2024-03-11 07:00:00,39.54,39.54,38.53,38.91,1056100
2024-03-12 07:00:00,38.91,39.47,38.66,38.91,1020000
2024-03-13 07:00:00,39.29,40.29,39.1,39.91,1469600
2024-03-14 07:00:00,40.29,40.67,39.98,40.35,1256100
2024-03-15 07:00:00,40.48,40.48,39.54,40.16,808400
2024-03-18 07:00:00,40.16,40.16,38.03,38.72,1553800
2024-03-19 07:00:00,39.16,39.16,38.41,38.78,905500
2024-03-20 07:00:00,38.85,39.1,38.34,38.97,822400
2024-03-21 07:00:00,39.47,39.6,38.97,39.47,967400
2024-03-22 07:00:00,40.1,40.73,39.66,40.23,1679100
2024-03-25 07:00:00,40.23,40.92,39.66,39.85,1016800
2024-03-26 07:00:00,39.85,40.48,39.72,40.23,705100
2024-03-27 07:00:00,40.48,40.48,39.98,40.1,639400
2024-03-28 07:00:00,40.29,40.35,39.98,40.1,515800
2024-03-29 07:00:00,40.1,40.54,39.91,40.04,883900
2024-04-01 07:00:00,40.04,40.29,39.29,39.72,1104800
2024-04-02 07:00:00,39.85,40.23,39.54,40.23,987000
2024-04-03 07:00:00,40.29,40.85,39.85,39.98,1181200
2024-04-04 07:00:00,39.85,39.98,39.41,39.47,943000
2024-04-05 07:00:00,39.41,39.72,39.29,39.29,620100
2024-04-08 07:00:00,39.16,39.35,38.78,39.22,759700
2024-04-09 07:00:00,39.35,39.54,39.22,39.41,486000
2024-04-10 07:00:00,39.54,39.66,39.29,39.29,559600
2024-04-11 07:00:00,38.91,39.47,38.91,39.47,848600
2024-04-12 07:00:00,39.86,40.11,39.54,40.05,641300
2024-04-15 07:00:00,39.66,40.05,38.77,38.84,1363500
2024-04-16 07:00:00,38.96,39.09,38.07,38.52,1126500
2024-04-17 07:00:00,38.77,39.03,38.26,38.26,675800
2024-04-19 07:00:00,37.69,38.26,36.8,36.99,1576800
2024-04-22 07:00:00,37.18,38.01,37.11,37.56,879400
2024-04-23 07:00:00,37.37,37.69,37.11,37.24,815900
2024-04-24 07:00:00,37.56,38.71,37.43,38.45,1084500
2024-04-25 07:00:00,38.39,38.39,37.82,38.26,614900
2024-04-26 07:00:00,38.14,39.41,37.82,39.28,1227800
2024-05-02 07:00:00,39.03,40.94,38.9,40.94,2464900
2024-05-03 07:00:00,40.94,42.02,40.94,42.02,3663300
2024-05-06 07:00:00,42.28,42.28,41.51,41.64,1612200
2024-05-07 07:00:00,42.02,42.02,41.32,41.45,1418700
2024-05-08 07:00:00,41.83,42.47,41.26,42.34,3576700
2024-05-09 07:00:00,42.92,43.04,41.96,42.09,1330900
2024-05-10 07:00:00,42.28,42.41,41.45,42.09,1202500
2024-05-13 07:00:00,42.47,43.36,42.02,42.73,1526900
2024-05-14 07:00:00,43.17,43.17,42.34,42.47,591900
2024-05-15 07:00:00,42.47,42.85,42.34,42.47,1106600
2024-05-16 07:00:00,42.98,44.0,42.54,43.75,1736900
2024-05-17 07:00:00,43.94,44.0,43.36,43.36,1482200
2024-05-20 07:00:00,43.62,43.75,42.79,43.04,1280000
2024-05-21 07:00:00,43.85,43.92,43.04,43.41,1067800
2024-05-22 07:00:00,43.34,43.85,43.19,43.41,667100
2024-05-23 07:00:00,43.34,45.24,42.97,45.1,2221700
2024-05-24 07:00:00,45.17,45.17,43.7,44.58,1415300
2024-05-27 07:00:00,44.73,45.61,44.36,45.61,1000800
2024-05-28 07:00:00,45.83,46.56,45.46,46.42,1047200
2024-05-29 07:00:00,46.56,46.56,45.32,45.46,753300
2024-05-30 07:00:00,45.1,45.46,44.8,45.46,1134700
2024-05-31 07:00:00,45.76,46.05,45.1,45.68,731500
2024-06-03 07:00:00,45.83,46.34,45.76,46.2,759500
2024-06-04 07:00:00,46.2,46.27,45.68,45.83,462000
2024-06-05 07:00:00,45.68,46.12,45.68,45.9,680100
2024-06-06 07:00:00,45.9,46.34,45.46,45.46,564800
2024-06-07 07:00:00,45.54,45.9,45.1,45.46,459100
2024-06-10 07:00:00,45.54,46.42,45.46,45.61,644000
2024-06-11 07:00:00,45.98,46.42,45.46,45.46,610900
2024-06-12 07:00:00,45.68,46.56,45.46,46.56,1321900
2024-06-13 07:00:00,47.59,47.59,46.71,46.93,897300
2024-06-14 07:00:00,47.0,47.08,45.1,45.1,1216100
2024-06-17 07:00:00,45.1,45.83,45.02,45.17,818300
2024-06-18 07:00:00,45.24,46.78,45.17,46.56,899400
2024-06-19 07:00:00,46.49,46.71,45.98,46.71,672100
2024-06-20 07:00:00,46.56,48.84,46.56,48.18,1598200
2024-06-21 07:00:00,49.06,49.06,47.3,47.3,936800
2024-07-02 07:00:00,46.78,46.78,46.2,46.34,901400
2024-07-03 07:00:00,46.49,46.93,46.2,46.93,1009000
2024-07-04 07:00:00,46.93,48.03,46.71,47.88,1473400
2024-07-05 07:00:00,48.25,48.25,46.93,47.81,834700
2024-07-08 07:00:00,48.4,48.98,48.1,48.76,1676500
2024-07-09 07:00:00,49.13,51.33,48.25,50.96,2151900
2024-07-10 07:00:00,51.62,53.02,50.67,52.21,2399700
2024-07-11 07:00:00,52.28,53.75,52.06,52.43,1705700
2024-07-12 07:00:00,52.21,52.36,51.55,52.14,1137300
2024-07-15 07:00:00,52.14,53.02,51.62,52.8,1222700
2024-07-16 07:00:00,52.8,54.19,52.43,54.19,1120200
2024-07-17 07:00:00,54.26,55.51,50.6,52.94,2121000
2024-07-18 07:00:00,52.94,53.24,51.04,52.8,1605600
2024-07-19 07:00:00,52.8,52.8,51.55,51.55,928100
2024-07-22 07:00:00,51.33,51.55,50.23,50.23,1535900
2024-07-23 07:00:00,50.16,51.33,49.94,50.08,1219300
2024-07-24 07:00:00,49.86,50.6,48.4,50.6,1135000
2024-07-25 07:00:00,50.45,51.92,50.16,51.7,1048200
2024-07-26 07:00:00,51.7,52.43,51.62,52.06,1051100
2024-07-29 07:00:00,52.36,52.72,51.55,52.43,569200
2024-07-30 07:00:00,52.06,52.21,50.23,51.7,1998000
2024-07-31 07:00:00,50.6,51.04,49.72,51.04,2039800
2024-08-01 07:00:00,50.89,50.89,48.4,49.79,1596500
2024-08-02 07:00:00,48.25,51.55,48.25,51.55,1561300
2024-08-05 07:00:00,50.45,50.45,47.96,47.96,1150000
2024-08-06 07:00:00,48.03,49.2,47.81,48.91,660000
2024-08-07 07:00:00,49.13,49.28,48.25,48.25,426400
2024-08-08 07:00:00,48.25,49.35,48.18,48.62,486000
2024-08-09 07:00:00,49.28,49.35,48.84,49.13,544000
2024-08-12 07:00:00,49.13,50.96,49.13,50.52,820200
2024-08-13 07:00:00,50.45,50.6,49.13,49.72,726500
2024-08-14 07:00:00,50.23,50.96,49.5,50.6,690200
2024-08-15 07:00:00,50.6,50.67,49.42,49.5,574600
2024-08-16 07:00:00,49.57,51.26,49.57,51.26,1118800
2024-08-19 07:00:00,51.26,52.28,51.04,51.55,966600
2024-08-20 07:00:00,51.55,51.62,50.82,51.26,736800
2024-08-21 07:00:00,51.48,51.84,50.96,51.4,746200
2024-08-22 07:00:00,51.77,51.77,51.04,51.11,603700
2024-08-23 07:00:00,50.96,51.84,50.96,51.77,885600
2024-08-26 07:00:00,52.28,52.5,50.89,51.33,676600
2024-08-27 07:00:00,51.04,51.33,50.16,50.3,692400
2024-08-28 07:00:00,50.38,50.6,50.01,50.3,530200
2024-08-29 07:00:00,50.23,50.6,50.16,50.6,328800
2024-08-30 07:00:00,50.38,50.74,50.23,50.3,342100
2024-09-04 07:00:00,49.86,49.94,49.13,49.13,770300
2024-09-05 07:00:00,49.2,49.5,47.74,47.88,1120100
2024-09-06 07:00:00,47.66,48.32,46.78,48.1,932200
2024-09-09 07:00:00,48.18,48.98,48.1,48.47,509300
2024-09-10 07:00:00,48.62,48.76,47.59,47.66,655500
2024-09-11 07:00:00,47.66,48.4,47.59,47.74,492400
2024-09-12 07:00:00,48.32,48.32,47.74,48.18,281100
2024-09-13 07:00:00,48.18,48.4,48.03,48.18,261000
2024-09-16 07:00:00,48.25,48.25,47.44,47.44,566500
2024-09-17 07:00:00,47.66,47.66,47.0,47.59,833300
2024-09-18 07:00:00,47.66,48.4,47.66,48.25,637600
2024-09-19 07:00:00,48.4,48.76,48.25,48.47,476900
2024-09-20 07:00:00,48.76,49.28,48.76,48.84,845500
2024-09-23 07:00:00,48.98,49.13,48.84,48.91,492000
2024-09-24 07:00:00,48.91,49.13,48.69,48.84,458300
2024-09-25 07:00:00,49.06,49.72,48.84,49.5,688500
2024-09-26 07:00:00,49.79,50.01,49.42,49.42,566300
2024-09-27 07:00:00,49.5,49.86,48.84,48.91,482500
2024-09-30 07:00:00,48.69,49.06,48.54,48.84,368200
2024-10-01 07:00:00,48.91,49.28,48.84,48.91,443600
2024-10-02 07:00:00,48.69,49.72,48.69,49.42,673300
2024-10-03 07:00:00,49.72,49.86,48.84,48.98,476000
2024-10-04 07:00:00,49.13,49.13,48.62,48.62,339500
2024-10-07 07:00:00,48.76,49.35,48.25,48.25,524400
2024-10-08 07:00:00,48.47,48.62,47.96,48.1,420300
2024-10-09 07:00:00,48.1,48.1,47.88,48.1,519100
2024-10-10 07:00:00,48.1,48.32,47.96,48.03,661600
2024-10-11 07:00:00,48.18,48.47,47.96,48.1,638700
2024-10-14 07:00:00,48.76,48.84,48.18,48.32,412200
2024-10-15 07:00:00,48.32,48.54,47.81,47.81,372800
2024-10-16 07:00:00,47.66,48.03,47.37,47.59,423400
2024-10-17 07:00:00,47.59,47.81,47.52,47.59,336200
2024-10-18 07:00:00,47.59,48.03,47.52,47.52,288000
2024-10-21 07:00:00,47.44,47.52,46.93,47.0,380700
2024-10-22 07:00:00,46.93,47.0,46.2,46.27,640500
2024-10-23 07:00:00,46.2,46.56,46.12,46.42,372700
2024-10-24 07:00:00,46.42,46.56,46.2,46.56,456800
2024-10-25 07:00:00,46.86,46.86,46.2,46.2,270600
2024-10-28 07:00:00,46.34,46.56,46.12,46.42,285400
2024-10-29 07:00:00,46.42,47.37,46.34,47.37,561100
2024-10-30 07:00:00,47.59,47.81,47.44,47.66,643500
2024-10-31 07:00:00,47.44,47.52,45.9,47.0,391200
2024-11-01 07:00:00,46.93,46.93,45.46,45.46,3432800
2024-11-04 07:00:00,45.68,47.0,45.46,46.93,1287700
2024-11-05 07:00:00,46.42,47.52,46.42,46.64,559700
2024-11-06 07:00:00,46.78,47.22,46.49,46.86,679600
2024-11-07 07:00:00,47.08,47.44,46.71,47.3,695800
2024-11-08 07:00:00,47.59,47.59,47.15,47.37,700700
2024-11-11 07:00:00,47.37,47.66,46.93,47.66,551000
2024-11-12 07:00:00,47.96,48.4,47.74,48.25,752400
2024-11-13 07:00:00,48.1,48.1,47.52,47.96,547000
2024-11-14 07:00:00,48.1,48.4,47.66,47.66,527300
2024-11-15 07:00:00,47.44,47.81,47.37,47.66,834000
2024-11-18 07:00:00,47.59,47.74,46.64,46.71,494800
2024-11-19 07:00:00,46.93,46.93,46.05,46.05,438400
2024-11-20 07:00:00,46.05,46.78,45.32,46.78,891000
2024-11-21 07:00:00,47.08,47.66,46.78,47.66,582500
2024-11-22 07:00:00,47.66,47.81,47.15,47.44,446600
2024-11-25 07:00:00,47.52,49.35,47.08,49.06,1598800
2024-11-26 07:00:00,49.06,49.2,48.69,48.91,493700
2024-11-27 07:00:00,48.91,49.5,48.62,49.13,968400
2024-11-28 07:00:00,49.2,49.28,48.84,49.13,642400
2024-11-29 07:00:00,49.28,49.28,48.98,49.28,499000
2024-12-02 07:00:00,49.35,49.72,48.84,48.98,519300
2024-12-03 07:00:00,49.2,50.23,48.76,49.72,1034400
2024-12-04 07:00:00,49.86,49.86,49.28,49.28,491300
2024-12-05 07:00:00,49.28,50.3,49.28,50.16,1132300
2024-12-06 07:00:00,50.16,50.23,49.72,49.72,543900
2024-12-09 07:00:00,50.08,50.08,49.5,49.72,564500
2024-12-10 07:00:00,49.86,50.23,49.42,49.42,444300
2024-12-11 07:00:00,49.42,49.57,48.76,48.84,699600
2024-12-12 07:00:00,48.84,49.2,48.4,48.4,444100
2024-12-13 07:00:00,48.47,49.06,48.32,48.76,299100
2024-12-16 07:00:00,48.76,48.98,48.4,48.54,234400
2024-12-17 07:00:00,48.54,49.06,48.4,48.76,275700
2024-12-18 07:00:00,48.76,49.72,48.69,49.72,806300
2024-12-19 07:00:00,49.13,50.01,48.98,49.35,731600
2024-12-20 07:00:00,49.35,50.01,49.28,49.64,582200
2024-12-23 07:00:00,50.16,50.16,49.72,49.86,442500
2024-12-24 07:00:00,49.86,49.86,49.42,49.5,445200
2024-12-25 07:00:00,49.5,51.11,49.5,50.38,1076900
2024-12-26 07:00:00,50.45,50.52,49.86,49.86,372100
2024-12-27 07:00:00,50.16,50.16,49.64,49.86,413200
2024-12-30 07:00:00,49.5,49.94,49.13,49.13,411200
2024-12-31 07:00:00,49.28,49.79,48.84,49.79,401500
2025-01-02 07:00:00,49.79,49.79,48.98,49.13,341200
2025-01-03 07:00:00,49.35,49.35,47.66,47.96,661700
2025-01-06 07:00:00,47.96,48.18,46.86,46.93,841500
2025-01-07 07:00:00,47.22,47.66,46.71,47.52,464300
2025-01-08 07:00:00,47.52,47.52,46.86,47.0,433800
2025-01-09 07:00:00,47.0,47.37,46.78,47.22,155600
2025-01-10 07:00:00,47.52,47.52,46.86,47.15,338000
2025-01-13 07:00:00,47.15,47.66,46.78,47.66,322300
2025-01-14 07:00:00,47.74,47.96,47.37,47.96,230400
2025-01-15 07:00:00,47.66,47.96,47.52,47.59,357500
2025-01-16 07:00:00,47.59,48.1,47.52,48.1,234400
2025-01-17 07:00:00,48.1,49.06,48.03,48.91,566500
2025-01-20 07:00:00,48.91,49.13,47.96,49.06,385900
2025-01-21 07:00:00,49.13,49.13,48.4,48.4,278100
2025-01-22 07:00:00,48.54,48.54,47.88,47.96,411500
2025-01-23 07:00:00,47.96,48.32,47.88,48.32,339600
2025-01-24 07:00:00,48.4,48.4,47.66,47.66,1193900
2025-02-03 07:00:00,47.81,47.88,47.37,47.88,185800
2025-02-04 07:00:00,48.18,48.69,47.96,48.4,397000
2025-02-05 07:00:00,48.47,48.91,48.4,48.76,337800
2025-02-06 07:00:00,48.98,48.98,48.4,48.4,394000
2025-02-07 07:00:00,48.54,49.42,48.54,48.98,809300
2025-02-10 07:00:00,49.06,49.06,48.69,48.98,512800
2025-02-11 07:00:00,49.13,49.5,48.91,49.5,576000
2025-02-12 07:00:00,49.72,50.16,49.5,49.86,663600
2025-02-13 07:00:00,49.86,50.16,49.5,49.79,519900
2025-02-14 07:00:00,49.79,50.01,49.42,49.5,617100
2025-02-17 07:00:00,49.42,49.72,48.91,48.91,498900
2025-02-18 07:00:00,48.84,49.57,48.84,49.5,444800
2025-02-19 07:00:00,49.64,52.94,49.5,52.94,3058900
2025-02-20 07:00:00,53.9,53.9,52.87,52.87,796900
2025-02-21 07:00:00,52.87,53.38,51.99,52.8,1307900
2025-02-24 07:00:00,52.65,55.73,52.36,55.0,2330900
2025-02-25 07:00:00,55.0,55.22,54.19,54.48,796500
2025-02-26 07:00:00,54.48,55.0,53.75,53.97,1089300
2025-02-27 07:00:00,54.27,55.53,53.9,55.01,835200
2025-02-28 07:00:00,55.01,55.16,53.52,53.82,1057600
2025-03-03 07:00:00,54.19,54.19,53.45,53.97,752500
2025-03-04 07:00:00,53.52,54.72,53.23,54.34,1101200
2025-03-05 07:00:00,54.42,55.31,53.75,54.34,816900
2025-03-06 07:00:00,54.64,55.61,54.34,54.79,725200
2025-03-07 07:00:00,54.94,54.94,54.27,54.49,557400
2025-03-10 07:00:00,54.72,56.28,54.05,55.76,1789200
2025-03-11 07:00:00,54.86,55.68,54.86,55.46,696800
2025-03-12 07:00:00,55.46,55.76,54.72,54.86,557900
2025-03-13 07:00:00,55.16,55.16,53.6,53.67,1058800
2025-03-14 07:00:00,53.52,53.9,52.48,52.71,1005000
2025-03-17 07:00:00,52.71,53.45,52.34,52.63,673600
2025-03-18 07:00:00,52.41,53.6,52.41,53.0,477700
2025-03-19 07:00:00,52.78,53.0,51.74,52.11,863300
2025-03-20 07:00:00,52.78,53.3,52.19,53.15,522300
2025-03-21 07:00:00,53.45,53.9,52.86,53.15,507100
2025-03-24 07:00:00,53.15,53.52,52.41,53.52,328200
2025-03-25 07:00:00,53.82,54.27,53.15,53.9,861000
2025-03-26 07:00:00,53.97,54.64,53.6,53.97,812800
2025-03-27 07:00:00,53.52,54.64,53.52,54.34,514800
2025-03-28 07:00:00,54.57,54.57,52.71,52.71,815200
2025-03-31 07:00:00,52.41,53.08,52.26,53.08,701000
2025-04-01 07:00:00,53.45,53.45,52.86,53.15,451900
2025-04-02 07:00:00,53.52,53.67,52.63,52.78,456600
2025-04-03 07:00:00,50.25,51.22,49.14,49.14,1880900
2025-04-04 07:00:00,45.94,48.92,45.72,48.92,1819200
2025-04-08 07:00:00,46.09,48.02,45.5,45.5,1460600
2025-04-09 07:00:00,42.45,48.62,42.45,45.35,1870100
2025-04-10 07:00:00,48.47,48.47,48.47,48.47,145700
2025-04-11 07:00:00,49.06,50.33,47.95,50.18,1914900
2025-04-14 07:00:00,50.55,50.55,49.44,50.1,514300
2025-04-15 07:00:00,49.44,49.58,47.65,48.69,1098400
2025-04-16 07:00:00,47.95,49.06,47.95,48.62,593500
2025-04-17 07:00:00,48.4,48.69,47.73,48.17,623400
2025-04-18 07:00:00,48.69,49.21,48.32,48.69,396400
2025-04-23 07:00:00,50.63,51.0,49.81,50.92,633600
2025-04-24 07:00:00,50.92,51.3,50.55,50.85,479400
2025-04-25 07:00:00,51.15,51.96,50.78,51.96,999800
2025-04-28 07:00:00,51.96,51.96,51.3,51.3,334600
2025-04-29 07:00:00,51.3,51.67,50.92,50.92,336400
2025-05-05 07:00:00,51.52,52.56,50.55,52.41,607600
2025-05-06 07:00:00,52.71,52.71,51.82,51.82,685100
2025-05-07 07:00:00,51.82,52.86,51.67,51.67,618000
2025-05-08 07:00:00,52.04,52.26,51.74,51.82,346700
2025-05-09 07:00:00,51.89,51.96,51.07,51.07,605200
2025-05-12 07:00:00,51.52,52.26,50.92,51.3,719800
2025-05-13 07:00:00,51.67,51.67,51.0,51.07,645300
2025-05-14 07:00:00,51.3,53.6,51.15,53.15,1761700
2025-05-15 07:00:00,52.93,53.23,52.63,52.78,651600
2025-05-16 07:00:00,52.78,53.6,52.56,52.78,879200
2025-05-19 07:00:00,52.56,53.52,52.34,52.48,614500
2025-05-20 07:00:00,52.48,54.27,52.48,53.9,1161000
2025-05-21 07:00:00,53.9,54.49,53.0,53.38,590500
2025-05-22 07:00:00,53.3,54.19,51.89,52.48,791900
2025-05-23 07:00:00,52.19,52.78,52.04,52.34,507300
2025-05-26 07:00:00,52.93,53.45,51.3,53.45,687300
2025-05-27 07:00:00,53.82,55.01,53.45,54.12,1443600
2025-05-28 07:00:00,54.42,54.57,53.45,53.82,668100
2025-05-29 07:00:00,53.82,53.97,52.78,53.08,560300
2025-05-30 07:00:00,53.3,53.52,52.56,53.3,578900
2025-06-02 07:00:00,53.3,54.94,52.56,54.27,1117700
2025-06-03 07:00:00,55.01,55.01,54.19,54.19,757000
2025-06-04 07:00:00,53.9,54.94,53.52,53.75,710200
2025-06-05 07:00:00,54.05,57.46,53.6,57.46,2138500
2025-06-06 07:00:00,57.46,58.8,57.46,57.99,1390200
2025-06-09 07:00:00,57.46,57.76,56.5,57.24,1001400
2025-06-10 07:00:00,57.17,58.28,56.5,56.87,1510100
2025-06-11 07:00:00,57.98,57.98,56.1,57.73,649500
2025-06-12 07:00:00,57.98,58.41,57.21,57.73,618900
2025-06-13 07:00:00,57.04,57.9,56.44,57.3,675500
2025-06-16 07:00:00,57.21,59.86,56.61,59.18,1151600
2025-06-17 07:00:00,59.26,59.26,58.24,58.92,542600
2025-06-18 07:00:00,58.75,60.46,58.5,59.01,819800
2025-06-19 07:00:00,58.67,59.61,58.5,59.01,468200
2025-06-20 07:00:00,59.35,59.35,58.5,58.5,408700
2025-06-23 07:00:00,58.5,59.01,57.47,57.56,798600
2025-06-24 07:00:00,57.81,57.98,56.7,56.7,1403600
2025-06-25 07:00:00,56.87,57.38,56.87,57.3,853100
2025-06-26 07:00:00,57.56,58.15,57.13,57.73,589400
2025-06-27 07:00:00,57.81,58.07,57.3,57.56,589200
2025-06-30 07:00:00,57.64,58.92,57.56,58.24,1025800
2025-07-01 07:00:00,58.24,58.58,57.38,57.73,886300
2025-07-02 07:00:00,58.07,58.07,56.61,56.7,1838200
2025-07-03 07:00:00,56.87,57.3,56.36,57.21,1606400
2025-07-04 07:00:00,57.13,57.73,56.87,56.96,622500
2025-07-07 07:00:00,56.96,57.13,56.7,56.87,864300
2025-07-08 07:00:00,57.13,57.9,57.04,57.73,1059300
2025-07-09 07:00:00,58.15,58.24,57.3,57.73,989800
2025-07-10 07:00:00,58.15,58.15,57.56,57.73,698100
2025-07-11 07:00:00,57.81,58.15,57.04,57.21,942300
2025-07-14 07:00:00,57.3,58.58,57.13,58.58,1498200
2025-07-15 07:00:00,58.67,59.35,58.24,58.67,1017300
2025-07-16 07:00:00,58.84,59.69,58.67,58.84,879400
2025-07-17 07:00:00,59.01,59.26,57.98,58.15,1475200
2025-07-18 07:00:00,58.32,58.84,57.98,58.58,996400
2025-07-21 07:00:00,58.75,60.89,58.67,58.67,1809900
2025-07-22 07:00:00,58.67,59.18,58.24,58.84,865300
2025-07-23 07:00:00,59.01,59.86,58.58,59.26,1034200
2025-07-24 07:00:00,59.78,60.12,59.26,59.35,1110400
2025-07-25 07:00:00,59.78,59.86,58.92,59.61,1123800
2025-07-28 07:00:00,59.86,59.86,59.01,59.44,1094600
2025-07-29 07:00:00,59.61,59.69,56.87,57.13,1764800
2025-07-30 07:00:00,57.98,57.98,57.04,57.56,1054300
2025-07-31 07:00:00,57.73,57.73,56.27,57.13,1040700
2025-08-01 07:00:00,56.87,57.13,55.42,56.02,1779400
2025-08-04 07:00:00,55.84,57.13,55.84,57.13,565600
2025-08-05 07:00:00,57.04,57.9,56.1,56.87,1185700
2025-08-06 07:00:00,56.87,57.38,56.61,57.21,1084100
2025-08-07 07:00:00,57.3,57.47,56.61,57.21,860100
2025-08-08 07:00:00,57.21,58.24,56.7,58.15,1952800
2025-08-11 07:00:00,58.5,58.84,58.07,58.07,934300
2025-08-12 07:00:00,58.15,58.67,57.73,58.67,1490400
2025-08-13 07:00:00,58.92,59.26,57.9,58.58,1306700
2025-08-14 07:00:00,58.84,58.92,57.73,58.5,1136400
2025-08-15 07:00:00,58.5,58.5,56.87,56.96,1323500
2025-08-18 07:00:00,57.04,57.21,56.44,56.44,1020300
2025-08-19 07:00:00,56.44,56.61,55.59,56.02,1341200
2025-08-20 07:00:00,55.59,56.87,55.25,56.02,1142200
2025-08-21 07:00:00,56.44,56.96,56.02,56.53,916800
2025-08-22 07:00:00,55.93,56.44,54.73,55.16,1065400
2025-08-25 07:00:00,56.27,56.27,54.65,54.73,572800
2025-08-26 07:00:00,54.73,55.93,54.73,55.93,396700
2025-08-27 07:00:00,56.27,56.96,55.59,56.44,1051700
2025-08-28 07:00:00,56.44,56.53,55.93,56.1,551900
2025-08-29 07:00:00,55.93,56.27,55.59,55.76,1031400
2025-09-03 07:00:00,55.76,56.02,55.42,55.5,688500
2025-09-04 07:00:00,55.76,56.27,55.59,55.93,740100
2025-09-05 07:00:00,56.44,58.58,56.36,57.47,3114900
2025-09-08 07:00:00,57.47,58.32,56.96,57.13,1391300
2025-09-09 07:00:00,57.3,57.3,56.19,56.53,630300
2025-09-10 07:00:00,56.44,57.21,56.36,57.21,577300
2025-09-11 07:00:00,57.3,57.3,55.67,56.78,826200
2025-09-12 07:00:00,56.87,57.3,56.44,57.13,706500
2025-09-15 07:00:00,57.56,58.15,57.3,58.15,1223600
2025-09-16 07:00:00,58.41,58.5,57.38,57.56,808700
2025-09-25 07:00:00,57.13,57.98,56.96,57.81,1337700
2025-09-26 07:00:00,57.56,58.15,56.53,56.7,568000
2025-09-29 07:00:00,56.53,56.87,55.59,55.59,822400
2025-09-30 07:00:00,55.76,56.02,54.82,56.02,646100
2025-10-01 07:00:00,56.44,56.61,56.02,56.27,230400
2025-10-02 07:00:00,56.19,56.61,55.67,55.76,294700
2025-10-03 07:00:00,55.76,55.93,55.16,55.16,278600
2025-10-06 07:00:00,55.08,55.76,55.08,55.59,275400
2025-10-07 07:00:00,55.76,55.76,55.25,55.5,329100
2025-10-08 07:00:00,55.67,55.84,55.16,55.59,267800
2025-10-09 07:00:00,56.02,56.02,55.16,55.25,387500
2025-10-10 07:00:00,55.76,56.02,55.25,55.76,255200
2025-10-13 07:00:00,55.59,55.59,55.25,55.42,346700
2025-10-14 07:00:00,56.27,56.27,55.42,56.02,594700
2025-10-15 07:00:00,56.02,56.1,55.25,55.33,511800
2025-10-16 07:00:00,55.33,55.59,54.22,54.56,927200
2025-10-17 07:00:00,54.56,54.9,53.79,53.79,707000
2025-10-20 07:00:00,53.45,54.05,51.23,51.31,1277000
2025-10-21 07:00:00,52.08,52.94,51.48,52.59,900900
2025-10-22 07:00:00,52.68,53.19,52.0,52.85,274700
2025-10-23 07:00:00,53.02,53.28,52.77,53.11,197800
2025-10-24 07:00:00,53.02,53.28,52.34,53.11,259600
2025-10-27 07:00:00,54.3,54.3,53.28,53.54,198300
2025-10-28 07:00:00,53.96,54.3,53.28,54.3,272900
2025-10-29 07:00:00,54.3,55.33,53.88,55.16,436100
2025-10-30 07:00:00,54.82,55.67,54.82,55.67,266400
2025-10-31 07:00:00,56.36,56.44,55.59,56.44,685300
2025-11-03 07:00:00,56.02,56.78,55.59,55.59,281600
2025-11-04 07:00:00,55.08,55.59,54.3,55.59,454100
2025-11-05 07:00:00,55.84,55.84,55.25,55.76,144000
2025-11-06 07:00:00,55.93,55.93,55.25,55.67,142200
2025-11-07 07:00:00,55.93,55.93,54.9,55.25,281800
2025-11-10 07:00:00,54.82,55.42,54.3,54.3,163500
2025-11-11 07:00:00,54.39,54.99,54.3,54.65,105100
2025-11-12 07:00:00,55.08,55.16,54.48,55.16,120300
2025-11-13 07:00:00,55.59,56.78,55.25,56.27,459100
2025-11-14 07:00:00,56.27,56.78,56.19,56.78,353300
2025-11-17 07:00:00,57.13,57.13,56.36,56.7,211600
2025-11-18 07:00:00,56.44,57.73,56.27,57.64,693800
2025-11-19 07:00:00,57.64,58.75,57.56,58.15,1117000
2025-11-20 07:00:00,58.15,58.24,57.73,57.73,439500
2025-11-21 07:00:00,58.15,58.15,57.13,57.3,371100
2025-11-24 07:00:00,57.3,57.3,56.44,56.7,286300
2025-11-25 07:00:00,57.73,57.73,55.59,55.59,780400
2025-11-26 07:00:00,56.19,56.19,55.16,55.59,450900
2025-11-27 07:00:00,55.67,56.53,55.59,56.44,379800
2025-11-28 07:00:00,56.36,56.44,55.67,55.76,133400
2025-12-01 07:00:00,55.84,56.02,55.25,55.25,184900
2025-12-02 07:00:00,55.25,55.42,53.88,53.96,475800
2025-12-03 07:00:00,54.39,54.9,54.13,54.9,285700
2025-12-04 07:00:00,55.5,55.5,54.48,54.65,377100
2025-12-05 07:00:00,54.73,54.9,54.48,54.9,295700
2025-12-08 07:00:00,54.13,55.08,54.13,54.22,266900
2025-12-09 07:00:00,54.73,54.73,53.54,53.62,339000
2025-12-10 07:00:00,54.56,54.56,53.45,54.13,225400
2025-12-11 07:00:00,54.13,54.22,53.62,53.62,99500
2025-12-12 07:00:00,53.88,53.96,53.28,53.28,169300
2025-12-15 07:00:00,53.11,53.45,53.11,53.28,538800
2025-12-16 07:00:00,53.11,53.71,51.74,53.54,360700
2025-12-17 07:00:00,53.54,53.79,52.94,52.94,313900
2025-12-18 07:00:00,52.94,53.02,52.59,52.59,331600
2025-12-19 07:00:00,53.54,53.54,52.68,52.94,343000
2025-12-22 07:00:00,53.36,53.36,52.59,52.94,303500
2025-12-23 07:00:00,53.02,53.19,52.51,52.51,276500
2025-12-24 07:00:00,52.68,52.94,52.08,52.17,262900
2025-12-25 07:00:00,52.17,53.02,52.08,52.51,256700
2025-12-26 07:00:00,52.51,52.68,52.17,52.42,302000
2025-12-29 07:00:00,52.42,52.59,52.08,52.42,217500
2025-12-30 07:00:00,52.42,52.59,52.17,52.34,232200
2025-12-31 07:00:00,52.42,52.68,52.17,52.17,353900
2026-01-05 07:00:00,52.42,53.02,52.0,52.0,744300
2026-01-06 07:00:00,52.17,52.94,52.0,52.34,379100
2026-01-07 07:00:00,52.34,53.36,52.34,53.02,638200
2026-01-08 07:00:00,53.02,53.36,52.59,52.77,614900
2026-01-09 07:00:00,53.02,53.45,52.17,52.17,781600
2026-01-12 07:00:00,52.42,52.77,52.17,52.59,966300
2026-01-13 07:00:00,53.71,54.22,53.02,53.11,1177200
2026-01-14 07:00:00,53.11,54.13,53.11,53.28,1107100
2026-01-15 07:00:00,53.79,53.79,53.11,53.28,584800
2026-01-16 07:00:00,53.28,56.02,53.28,54.48,1132600
2026-01-19 07:00:00,54.73,55.67,53.88,54.13,753300
2026-01-20 07:00:00,54.22,54.56,53.62,53.71,762900
2026-01-21 07:00:00,53.62,53.71,53.02,53.11,609900
2026-01-22 07:00:00,53.96,54.65,53.62,54.05,824700
2026-01-23 07:00:00,54.39,54.65,53.71,53.71,414800
2026-01-26 07:00:00,53.96,54.05,52.77,52.85,715000
2026-01-27 07:00:00,52.85,53.36,52.85,53.36,318600
2026-01-28 07:00:00,53.71,53.71,52.77,52.85,533400
2026-01-29 07:00:00,53.11,53.88,52.85,53.02,705100
2026-01-30 07:00:00,53.36,53.45,52.85,53.11,740500
2026-02-02 07:00:00,53.19,53.19,52.17,52.34,1188800
2026-02-03 07:00:00,52.77,53.71,52.59,53.62,758400
2026-02-04 07:00:00,53.79,53.88,53.02,53.54,512700
2026-02-05 07:00:00,53.79,53.79,53.11,53.11,415900
2026-02-06 07:00:00,53.36,53.36,52.42,52.42,645700
2026-02-09 07:00:00,53.02,53.11,52.42,52.51,311300
2026-02-10 07:00:00,52.51,52.59,51.74,51.74,744400
2026-02-11 07:00:00,51.74,52.85,51.74,52.85,242000
2026-02-12 07:00:00,52.85,53.02,52.59,53.02,235500
2026-02-13 07:00:00,53.02,53.02,52.68,52.68,173900
2026-02-23 07:00:00,53.02,53.28,52.85,53.02,363500
2026-02-24 07:00:00,53.02,53.36,52.94,53.28,567800
2026-02-25 07:00:00,53.36,53.88,53.28,53.88,858100
2026-02-26 07:00:00,54.4,54.4,53.62,54.05,344200
2026-02-27 07:00:00,54.14,54.14,53.44,53.7,267600
2026-03-02 07:00:00,53.62,56.83,52.57,55.88,2052000
2026-03-03 07:00:00,56.48,56.74,55.53,56.05,1073200
2026-03-04 07:00:00,56.05,57.88,54.75,56.05,2125500
2026-03-05 07:00:00,56.31,56.83,55.18,55.18,717300
2026-03-06 07:00:00,55.53,55.53,53.01,53.88,967600
2026-03-09 07:00:00,52.14,52.23,50.14,50.14,2300300
2026-03-10 07:00:00,51.27,52.14,50.92,51.79,1093400
2026-03-11 07:00:00,51.96,52.83,51.7,52.49,793300
2026-03-12 07:00:00,52.23,54.75,51.27,54.31,1507700
2026-03-13 07:00:00,54.57,56.14,54.4,55.44,1161100
2026-03-16 07:00:00,56.31,56.31,53.88,55.09,1020100
2026-03-17 07:00:00,55.09,55.18,54.31,54.75,624600
2026-03-18 07:00:00,54.49,55.79,53.88,55.62,782200
2026-03-19 07:00:00,54.83,57.79,54.49,56.83,2124200
2026-03-20 07:00:00,56.83,60.74,56.57,58.57,3774400
2026-03-23 07:00:00,58.66,60.57,55.62,56.48,1872100
2026-03-24 07:00:00,58.05,58.66,56.74,57.61,1043400
2026-03-25 07:00:00,57.96,61.61,57.61,61.61,3852100
2026-03-26 07:00:00,63.0,63.0,61.61,62.31,2072000
2026-03-27 07:00:00,61.7,63.0,61.09,62.31,1678800
2026-03-30 07:00:00,62.31,64.48,60.83,60.83,3175200
2026-03-31 07:00:00,60.83,61.7,59.44,59.53,2455900
2026-04-01 07:00:00,60.83,61.26,58.57,58.57,1823500
2026-04-02 07:00:00,58.57,59.35,57.35,57.61,1850200
2026-04-03 07:00:00,58.22,58.57,55.96,55.96,2346300
2026-04-06 07:00:00,56.92,57.01,55.7,55.96,1117900
2026-04-07 07:00:00,57.09,57.35,55.96,56.66,888000
2026-04-08 07:00:00,57.53,58.22,57.09,57.96,1457500
2026-04-09 07:00:00,58.48,58.48,56.83,56.92,1008200
2026-04-10 07:00:00,56.83,57.53,56.57,57.18,861800
2026-04-13 07:00:00,57.53,58.4,57.44,57.79,825900
2026-04-14 07:00:00,57.79,58.22,57.27,57.27,872700
2026-04-15 07:00:00,58.05,58.05,56.05,56.4,1037100
2026-04-16 07:00:00,56.4,56.83,55.62,56.05,722500
2026-04-17 07:00:00,56.31,56.31,55.62,55.96,569400
2026-04-20 07:00:00,55.79,56.92,55.62,56.74,1356300
2026-04-21 07:00:00,57.35,57.35,56.05,56.31,1083900
2026-04-22 07:00:00,56.66,56.66,55.88,56.31,775500
2026-04-23 07:00:00,56.48,56.48,53.88,54.05,1868200
2026-04-24 07:00:00,54.49,54.57,53.79,54.14,526500
2026-04-28 07:00:00,54.66,54.66,52.14,52.14,1838100
2026-04-29 07:00:00,52.14,53.36,52.14,52.4,934100
2026-05-04 07:00:00,52.66,53.53,52.66,53.18,537600
2026-05-05 07:00:00,53.18,53.53,52.66,52.83,449000
2026-05-06 07:00:00,52.83,53.53,52.83,53.44,397100
2026-05-07 07:00:00,53.44,54.31,53.27,53.36,988400
2026-05-08 07:00:00,53.88,53.88,52.83,53.01,832300
2026-05-11 07:00:00,53.79,53.79,52.92,53.1,518000
2026-05-12 07:00:00,53.44,53.79,52.92,53.18,595100
2026-05-13 07:00:00,53.36,53.36,52.57,52.92,844800
2026-05-14 07:00:00,52.57,53.1,52.49,52.57,892800
2026-05-15 07:00:00,52.75,52.83,52.23,52.4,704600
2026-05-18 07:00:00,53.0,53.3,52.4,52.8,639600
2026-05-19 07:00:00,53.1,53.9,52.9,53.7,694400
2026-05-20 07:00:00,53.9,54.8,52.8,53.5,964800
2026-05-21 07:00:00,54.0,54.0,52.9,53.3,460200
2026-05-22 07:00:00,52.6,53.2,52.2,52.6,630000
2026-05-25 07:00:00,52.7,53.3,52.3,52.4,386000
2026-05-26 07:00:00,52.5,53.0,52.4,52.8,305900
2026-05-27 07:00:00,53.2,53.3,52.8,53.3,400400
2026-05-28 07:00:00,53.5,53.7,53.0,53.0,396200
2026-05-29 07:00:00,53.1,53.1,52.3,52.7,395600
2026-06-01 07:00:00,52.7,53.1,51.2,51.2,1109400
2026-06-02 07:00:00,51.0,51.4,50.4,50.5,1086900
2026-06-03 07:00:00,50.5,51.3,50.5,51.2,290200
2026-06-04 07:00:00,51.3,51.4,50.8,51.2,200600
2026-06-05 07:00:00,51.2,51.3,50.8,50.9,177800
2026-06-08 07:00:00,50.9,50.9,50.2,50.2,515200
2026-06-09 07:00:00,50.3,50.7,50.0,50.2,330700
2026-06-10 07:00:00,50.0,50.5,50.0,50.3,465100
2026-06-11 07:00:00,50.3,51.0,50.3,50.6,250000
2026-06-12 07:00:00,50.7,50.9,50.2,50.4,300100
2026-06-15 07:00:00,50.6,51.0,50.4,51.0,440100
2026-06-16 07:00:00,51.1,51.1,50.6,50.9,335500
2026-06-17 07:00:00,50.8,51.0,50.6,50.9,305800
2026-06-18 07:00:00,50.7,50.9,50.5,50.5,266600
2026-06-19 07:00:00,50.7,50.7,50.4,50.4,225400
2026-06-22 07:00:00,50.8,51.2,50.3,51.2,312400
2026-06-23 07:00:00,51.2,51.2,50.3,50.6,292700
2026-06-24 07:00:00,50.4,50.8,50.1,50.3,230400
2026-06-25 07:00:00,50.4,50.4,49.85,49.85,423800
2026-06-26 07:00:00,49.85,49.9,49.2,49.2,443300
2026-06-29 07:00:00,49.1,49.85,49.1,49.75,292600
2026-06-30 07:00:00,49.75,50.4,49.5,49.65,319600
2026-07-01 07:00:00,50.4,50.4,49.7,49.9,228200
2026-07-02 07:00:00,49.9,50.1,49.65,49.65,281400
2026-07-03 07:00:00,49.5,49.7,48.8,48.8,729600
2026-07-06 07:00:00,48.8,48.9,46.8,47.25,1118200
2026-07-07 07:00:00,47.25,47.75,46.8,47.45,572300
2026-07-08 07:00:00,47.75,47.75,47.0,47.2,482300
2026-07-09 07:00:00,47.2,47.5,47.2,47.2,377200
2026-07-10 07:00:00,47.25,47.6,47.0,47.0,314100
2026-07-13 07:00:00,47.1,47.1,46.1,46.15,643300
2026-07-14 07:00:00,46.2,46.5,46.05,46.15,377800
2026-07-15 07:00:00,46.5,46.55,46.15,46.2,197200
2026-07-16 07:00:00,46.2,46.3,45.3,45.85,492900
2026-07-17 07:00:00,46.0,47.3,46.0,46.25,477300
2026-07-20 07:00:00,46.55,46.55,45.4,45.45,550500
2026-07-21 07:00:00,45.4,46.3,45.15,45.6,398700
2026-07-22 07:00:00,46.0,46.1,43.85,43.85,1104500
2026-07-23 07:00:00,43.9,45.0,42.5,44.5,795600
2026-07-24 07:00:00,44.0,44.75,44.0,44.4,304800
2026-07-27 07:00:00,45.5,45.5,43.85,44.4,569800
2026-07-28 07:00:00,44.35,44.95,43.8,44.5,476200
2026-07-29 07:00:00,44.9,44.9,44.35,44.5,340700
2026-07-30 07:00:00,44.7,45.4,44.35,45.3,601200
2026-07-31 07:00:00,45.7,46.5,45.3,46.5,1294700
2026-08-03 07:00:00,46.5,48.4,46.5,48.4,985700
2026-08-04 07:00:00,48.0,48.35,47.9,48.35,329900
2026-08-05 07:00:00,48.35,48.7,47.4,47.45,505300
2026-08-06 07:00:00,47.85,47.85,46.9,47.5,278600
2026-08-07 07:00:00,47.3,48.1,47.1,47.1,270100
